{
    "Logarithmic Amplified Gaussian Curvature": {
        "min": 0.0,
        "max": 38.69328165959057,
        "mean": 6.000777162807715,
        "median": 0.0,
        "std": 13.149287159795524
    }
}