{
    "Logarithmic Amplified Gaussian Curvature": {
        "min": 0.0,
        "max": 2.7566798962652683e-05,
        "mean": 8.324972213813453e-07,
        "median": 0.0,
        "std": 1.7879269762488548e-06
    }
}