{
    "Logarithmic Amplified Gaussian Curvature": {
        "min": 0.0,
        "max": 42.020295030217746,
        "mean": 6.090608843811533,
        "median": 0.0,
        "std": 13.094227225175914
    }
}