{
    "Logarithmic Amplified Gaussian Curvature": {
        "min": 0.0,
        "max": 39.27500936902495,
        "mean": 5.535171018799964,
        "median": 0.0,
        "std": 12.675066336295428
    }
}