{
    "Logarithmic Amplified Gaussian Curvature": {
        "min": 0.0,
        "max": 38.78303497898217,
        "mean": 14.289755301498412,
        "median": 0.0,
        "std": 17.417489769027327
    }
}