{
    "Logarithmic Amplified Gaussian Curvature": {
        "min": 0.0,
        "max": 3.266188985363201e-06,
        "mean": 3.338958069900803e-09,
        "median": 0.0,
        "std": 3.0110630161415415e-08
    }
}