{
    "Curvatura Gaussiana Amplificata Logaritmica": {
        "min": 0.0,
        "max": 40.76025838480648,
        "mean": 5.635891441405497,
        "median": 0.0,
        "std": 12.82114283626758
    }
}